Date,Close,High,Low,Open,Volume
2021-01-04 00:00:00,5298.090332,5298.090332,4816.445756,5009.103587,34467200
2021-01-05 00:00:00,5538.912598,5611.159284,5201.761396,5298.090311,66285900
2021-01-06 00:00:00,5587.077148,5659.323836,5177.679254,5635.241607,42312200
2021-01-07 00:00:00,6333.625977,6694.859397,5635.241363,5683.405819,142914600
2021-01-08 00:00:00,6261.379395,6743.023963,6237.297166,6405.872765,80518500
2021-01-11 00:00:00,6020.557129,6285.461643,5972.392672,6261.379414,70983200
2021-01-12 00:00:00,6237.296875,6405.872466,5900.145693,6020.556829,75061400
2021-01-13 00:00:00,6405.872559,6598.53038,6189.13251,6333.625876,80107500
2021-01-14 00:00:00,6357.708008,6839.352554,6261.379099,6405.872462,121101200
2021-01-15 00:00:00,6381.790527,6743.023953,6357.708299,6622.612811,50165400
2021-01-18 00:00:00,5972.393066,6502.202129,5948.310836,6357.708748,51284100
2021-01-19 00:00:00,5731.570313,5948.310366,5562.994715,5948.310366,74430300
2021-01-20 00:00:00,6405.872559,6429.954786,5707.487956,5731.570184,75949000
2021-01-21 00:00:00,6478.119629,6622.613004,6285.461796,6526.284087,45688300
2021-01-22 00:00:00,6092.803711,6502.201589,6044.639255,6478.119361,41096600
2021-01-25 00:00:00,6116.885742,6213.214652,5707.487878,6068.721288,32262200
2021-01-26 00:00:00,5924.228027,6333.625899,5803.816889,6165.050305,29133900
2021-01-27 00:00:00,5538.912598,5948.310485,5514.830369,5924.228257,60646700
2021-01-28 00:00:00,5201.76123,5538.912421,5153.596775,5394.419054,76528100
2021-01-29 00:00:00,5298.090332,5659.323764,5033.185815,5298.090332,55872500
2021-02-01 00:00:00,6020.557129,6068.721586,5033.18576,5394.419188,87291800
2021-02-02 00:00:00,5683.405762,6140.96809,5635.241306,6116.885862,50442600
2021-02-03 00:00:00,5635.241699,5876.063994,5538.912781,5803.817306,24288200
2021-02-04 00:00:00,5635.241699,5803.817306,5538.912781,5659.323929,18261900
2021-02-05 00:00:00,5803.817383,5851.981842,5587.077315,5683.406234,26852100
2021-02-08 00:00:00,5924.228027,6020.556938,5827.899116,5924.228027,29191400
2021-02-09 00:00:00,5731.570313,5972.392595,5635.2414,5972.392595,28008900
2021-02-10 00:00:00,5803.817383,5876.064072,5659.324004,5779.735153,15835800
2021-02-11 00:00:00,6140.96875,6261.379902,5803.817525,5900.146446,89617000
2021-02-15 00:00:00,6068.72168,6189.132824,6020.557222,6140.968366,23435100
2021-02-16 00:00:00,5996.474609,6165.050201,5972.392382,6116.885746,31809000
2021-02-17 00:00:00,5851.981445,6092.803727,5731.570304,6068.721499,27155000
2021-02-18 00:00:00,5972.393066,5996.475297,5755.652995,5851.981916,19280000
2021-02-19 00:00:00,6092.803711,6116.885939,5900.145886,6068.721483,32144700
2021-02-22 00:00:00,6189.132813,6381.790643,6165.050584,6237.29727,62201300
2021-02-23 00:00:00,6237.296875,6309.543557,6116.885738,6213.214648,20733700
2021-02-24 00:00:00,6068.72168,6261.379511,5972.392764,6237.297282,15368000
2021-02-25 00:00:00,6068.72168,6261.379511,6044.639451,6213.215053,19069000
2021-02-26 00:00:00,5851.981445,5948.310358,5707.488076,5779.734761,38750200
2021-03-01 00:00:00,5851.981445,5948.310358,5731.570304,5924.22813,10044400
2021-03-02 00:00:00,5659.32373,5851.98156,5611.159273,5827.899331,27009500
2021-03-03 00:00:00,5707.488281,5731.57051,5587.077136,5659.323823,14076000
2021-03-04 00:00:00,5322.172363,5418.501275,5322.172363,5394.419047,47709400
2021-03-05 00:00:00,4960.938965,5201.761245,4960.938965,4960.938965,101200300
2021-03-08 00:00:00,4652.686523,5081.350189,4623.787849,5009.103503,77938000
2021-03-09 00:00:00,4382.96582,4633.42101,4344.434253,4623.788118,113826500
2021-03-10 00:00:00,4363.700195,4469.66201,4296.269949,4411.864657,48612700
2021-03-12 00:00:00,4469.661621,4643.053667,4411.864273,4450.395838,104333100
2021-03-15 00:00:00,4537.091797,4565.990471,4363.699754,4469.661558,51202800
2021-03-16 00:00:00,4392.598633,4594.889359,4315.535499,4575.623576,47029800
2021-03-17 00:00:00,4344.434082,4411.864323,4305.902516,4344.434082,37586500
2021-03-18 00:00:00,4421.49707,4469.661526,4392.598397,4421.49707,30447400
2021-03-19 00:00:00,4334.80127,4402.231512,4315.535486,4392.59862,38380200
2021-03-22 00:00:00,4354.066895,4411.864243,4334.801112,4382.965569,22481100
2021-03-23 00:00:00,4334.80127,4392.59862,4296.269703,4373.332836,25548500
2021-03-24 00:00:00,4142.143066,4296.26932,4122.877285,4286.636429,36680000
2021-03-25 00:00:00,4199.94043,4267.370666,4113.244412,4161.408866,24187900
2021-03-26 00:00:00,4508.193359,4517.826251,4219.206606,4248.105281,80072600
2021-03-29 00:00:00,4373.33252,4546.724558,4344.433846,4527.458776,38826000
2021-03-30 00:00:00,4334.80127,4431.130187,4315.535486,4411.864403,17162200
2021-03-31 00:00:00,4219.206055,4296.269179,4180.674493,4286.636288,17867700
2021-04-01 00:00:00,4315.535645,4334.801429,4219.206724,4315.535645,14830000
2021-04-05 00:00:00,4267.370605,4382.965295,4228.839042,4373.332404,12044500
2021-04-06 00:00:00,4488.927246,4508.193028,4296.269424,4315.535207,32268500
2021-04-07 00:00:00,4508.193359,4556.357818,4450.396009,4527.459143,19824800
2021-04-08 00:00:00,4643.053711,4662.319494,4488.927447,4537.091904,29419700
2021-04-09 00:00:00,4450.395508,4652.686213,4450.395508,4643.053322,18607800
2021-04-12 00:00:00,4296.269531,4421.497118,4257.737966,4421.497118,11530300
2021-04-13 00:00:00,4209.57373,4334.801324,4161.409271,4334.801324,12066800
2021-04-14 00:00:00,4267.370605,4286.636387,4209.573261,4209.573261,11222700
2021-04-15 00:00:00,4151.776367,4305.902636,4142.143475,4296.269744,17030400
2021-04-16 00:00:00,4190.307617,4228.839181,4151.776053,4171.041835,17932700
2021-04-19 00:00:00,4151.776367,4190.307934,4142.143475,4190.307934,10661100
2021-04-20 00:00:00,4113.244629,4142.143303,4055.44728,4132.510412,17350100
2021-04-21 00:00:00,4007.282715,4074.712953,3959.118259,4074.712953,27339500
2021-04-22 00:00:00,4036.181152,4084.345605,4007.282481,4007.282481,17765900
2021-04-23 00:00:00,3997.649658,4045.814112,3988.016767,4045.814112,10375700
2021-04-26 00:00:00,4151.776367,4161.409259,4045.814557,4045.814557,24265600
2021-04-27 00:00:00,4171.041992,4238.472232,4132.510426,4209.573558,20059700
2021-04-28 00:00:00,4315.535645,4325.168537,4171.042264,4171.042264,23478900
2021-04-29 00:00:00,4479.293945,4498.559726,4354.066373,4363.699263,34853500
2021-04-30 00:00:00,4440.762695,4469.661368,4373.332459,4460.028477,16972300
2021-05-03 00:00:00,4402.231934,4517.826645,4392.599041,4479.295075,15291000
2021-05-04 00:00:00,4700.851074,4729.749749,4402.231436,4431.130111,43546100
2021-05-05 00:00:00,4787.546875,4816.445548,4585.256162,4671.952182,43941500
2021-05-06 00:00:00,4777.914063,4840.527856,4739.382497,4768.281171,28951600
2021-05-07 00:00:00,4912.774414,4960.938869,4787.546831,4787.546831,36708300
2021-05-10 00:00:00,5322.675781,5346.980237,5006.717858,5006.717858,51678500
2021-05-11 00:00:00,5395.588867,5444.197776,5128.239869,5225.457687,30356900
2021-05-17 00:00:00,5031.021973,5346.979874,5031.021973,5346.979874,27582200
2021-05-18 00:00:00,5176.848633,5249.761994,4958.10855,5128.239725,33212600
2021-05-19 00:00:00,4909.499512,5201.152948,4885.195059,5128.239589,21685100
2021-05-20 00:00:00,4676.176758,4933.80396,4647.011414,4831.725257,36947500
2021-05-21 00:00:00,4540.071777,4705.342056,4462.297528,4666.454932,31732000
2021-05-24 00:00:00,4374.801758,4578.959173,4297.027504,4520.628483,26357600
2021-05-25 00:00:00,4520.628418,4608.124452,4442.854166,4442.854166,27760700
2021-05-27 00:00:00,4462.297852,4598.402797,4413.688943,4588.681015,31487800
2021-05-28 00:00:00,4549.793457,4637.289485,4520.628114,4588.680581,30850500
2021-05-31 00:00:00,4598.402344,4647.011248,4530.349878,4578.958782,16270200
2021-06-02 00:00:00,4666.455078,4676.17686,4569.237264,4676.17686,18917600
2021-06-03 00:00:00,4724.785645,4802.559894,4627.567833,4666.454958,24010000
2021-06-04 00:00:00,4588.680664,4656.733132,4569.237102,4656.733132,12660800
2021-06-07 00:00:00,4481.741211,4598.402587,4472.01943,4588.680806,10042100
2021-06-08 00:00:00,4472.02002,4491.463585,4403.967541,4481.741802,15527200
2021-06-09 00:00:00,4666.455078,4695.620422,4501.184794,4501.184794,18139500
2021-06-10 00:00:00,4598.402344,4676.176591,4578.958782,4666.45481,11895000
2021-06-11 00:00:00,4705.342285,4744.229411,4637.289814,4666.455159,13304500
2021-06-14 00:00:00,4715.063965,4715.063965,4637.289714,4695.620402,10616100
2021-06-15 00:00:00,4656.733398,4685.898743,4578.959145,4666.45518,17143000
2021-06-16 00:00:00,4501.18457,4617.845941,4481.741008,4569.237037,9596100
2021-06-17 00:00:00,4442.854492,4501.185186,4413.689145,4452.576274,12802500
2021-06-18 00:00:00,4190.087891,4442.854213,4160.922546,4442.854213,32429600
2021-06-21 00:00:00,4190.087891,4306.74927,4063.704729,4112.313637,20346400
2021-06-22 00:00:00,4297.027832,4365.080309,4209.53179,4277.584267,11213100
2021-06-23 00:00:00,4228.975098,4345.63648,4228.975098,4335.914698,7448500
2021-06-24 00:00:00,4228.975098,4316.471134,4209.531534,4287.305789,6600300
2021-06-25 00:00:00,4413.688965,4442.85431,4306.749364,4306.749364,17082500
2021-06-28 00:00:00,4384.523926,4491.463534,4345.636796,4403.967491,10811500
2021-06-29 00:00:00,4423.410645,4433.132426,4326.192828,4365.079955,8990600
2021-06-30 00:00:00,4481.741211,4510.906555,4403.96696,4462.297648,11562100
2021-07-01 00:00:00,4433.132813,4491.463507,4355.358553,4481.741725,11579000
2021-07-02 00:00:00,4403.967285,4433.132631,4365.080157,4433.132631,5025400
2021-07-05 00:00:00,4608.124512,4608.124512,4384.523533,4433.132442,16241900
2021-07-06 00:00:00,4792.838379,4860.890851,4617.846308,4627.56809,27670700
2021-07-07 00:00:00,4812.281738,4812.281738,4647.011456,4744.229269,16995600
2021-07-08 00:00:00,4841.447266,4982.4131,4812.281921,4841.447266,27749300
2021-07-09 00:00:00,5055.32666,5079.631115,4841.447455,4860.891019,27917700
2021-07-12 00:00:00,5055.32666,5249.762301,5031.022205,5152.544481,23725300
2021-07-13 00:00:00,5031.021973,5152.544243,4982.413065,5103.935335,19764300
2021-07-14 00:00:00,5103.935547,5201.153367,5006.717727,5103.935547,25939300
2021-07-15 00:00:00,5079.630859,5152.544221,5031.021952,5031.021952,14413600
2021-07-16 00:00:00,5201.15332,5298.371139,5128.239956,5152.544411,34706800
2021-07-19 00:00:00,5201.15332,5249.76223,5128.239956,5201.15332,12607000
2021-07-21 00:00:00,5103.935547,5152.544457,4982.413272,5103.935547,15495100
2021-07-22 00:00:00,5152.544434,5201.153343,5079.631069,5128.239979,8711900
2021-07-23 00:00:00,5225.45752,5274.066427,5128.239705,5225.45752,21578700
2021-07-26 00:00:00,5274.066895,5395.589173,5225.457983,5346.980262,17554700
2021-07-27 00:00:00,5152.544434,5395.588982,5079.631069,5371.284527,16708700
2021-07-28 00:00:00,5176.848633,5225.45754,5128.239725,5152.544179,15849200
2021-07-29 00:00:00,5249.762207,5298.371116,5152.544388,5225.457752,17439700
2021-07-30 00:00:00,5346.97998,5346.97998,5152.544345,5176.848799,18770100
2021-08-02 00:00:00,5249.762207,5298.371116,5201.153298,5249.762207,11827800
2021-08-03 00:00:00,5055.32666,5225.457846,5006.71775,5201.153391,12465500
2021-08-04 00:00:00,4982.413086,5079.630902,4958.108632,5055.326448,8281900
2021-08-05 00:00:00,4802.560059,4982.413016,4763.672933,4982.413016,23783700
2021-08-06 00:00:00,4822.003418,4909.499448,4812.281637,4812.281637,7016500
2021-08-09 00:00:00,4802.560059,4831.725403,4685.898681,4763.672933,15938200
2021-08-10 00:00:00,4812.281738,4860.890645,4724.785707,4792.838176,11169900
2021-08-12 00:00:00,4958.108398,5006.717304,4885.19504,4958.108398,16185100
2021-08-13 00:00:00,4958.108398,5006.717304,4885.19504,4982.412851,13650000
2021-08-16 00:00:00,4958.108398,5006.717304,4885.19504,4982.412851,5530100
2021-08-18 00:00:00,4933.804199,4982.413108,4860.890837,4958.108653,9604900
2021-08-19 00:00:00,4831.725586,4909.499841,4792.838458,4909.499841,15289600
2021-08-20 00:00:00,4753.951172,4822.003643,4666.455138,4744.22939,23171600
2021-08-23 00:00:00,4860.890625,4909.499531,4792.838156,4802.559938,10289300
2021-08-24 00:00:00,4831.725586,4933.804295,4695.62064,4933.804295,10228600
2021-08-25 00:00:00,4860.890625,4909.499531,4822.0035,4841.447063,6866100
2021-08-26 00:00:00,4812.281738,4885.195098,4802.559957,4885.195098,5971200
2021-08-27 00:00:00,4822.003418,4851.168761,4783.116294,4812.281637,4330700
2021-08-30 00:00:00,4933.804199,4982.413108,4851.169055,4860.890837,8553200
2021-08-31 00:00:00,4933.804199,5006.717562,4860.890837,4982.413108,11189200
2021-09-01 00:00:00,4885.195313,4933.804221,4860.890858,4933.804221,5940500
2021-09-02 00:00:00,4885.195313,4909.499767,4822.003731,4860.890858,4249200
2021-09-03 00:00:00,4958.108398,4982.412851,4860.890587,4933.803946,4330800
2021-09-06 00:00:00,4933.804199,5055.32647,4909.499745,4958.108653,8143800
2021-09-07 00:00:00,4885.195313,5006.717584,4860.890858,4933.804221,7398600
2021-09-08 00:00:00,4831.725586,4933.804295,4792.838458,4860.890932,8362900
2021-09-09 00:00:00,4958.108398,4982.412851,4783.116337,4831.725243,11633800
2021-09-10 00:00:00,5006.717773,5176.84896,4982.413318,5055.326684,34106900
2021-09-13 00:00:00,4933.804199,4982.413108,4860.890837,4982.413108,7968900
2021-09-14 00:00:00,4885.195313,4933.804221,4860.890858,4860.890858,4113800
2021-09-15 00:00:00,4822.003418,4909.499448,4812.281637,4860.890542,12099000
2021-09-16 00:00:00,4724.785645,4909.499487,4715.063863,4860.890581,19459600
2021-09-17 00:00:00,4715.063965,4783.116434,4685.898621,4724.785746,11581900
2021-09-20 00:00:00,4676.176758,4763.672789,4627.567852,4715.063883,8721900
2021-09-21 00:00:00,4608.124512,4656.73342,4578.959167,4627.568075,9478000
2021-09-22 00:00:00,4627.567871,4666.454996,4598.402527,4608.124309,5945600
2021-09-23 00:00:00,4617.846191,4685.898662,4608.12441,4656.733317,8314000
2021-09-24 00:00:00,4578.958984,4685.898578,4569.237203,4627.567891,16387600
2021-09-27 00:00:00,4530.350098,4617.84613,4520.628316,4588.680786,8843900
2021-09-28 00:00:00,4569.237305,4598.402649,4520.628397,4520.628397,17185500
2021-09-29 00:00:00,4540.071777,4569.237121,4501.184653,4569.237121,19229800
2021-09-30 00:00:00,4462.297852,4559.51567,4462.297852,4540.072106,15257700
2021-10-01 00:00:00,4394.245605,4472.019864,4345.636694,4423.410952,50389600
2021-10-04 00:00:00,4647.01123,4656.733011,4403.96671,4403.96671,25629700
2021-10-05 00:00:00,4578.958984,4753.951047,4569.237203,4637.289672,29306300
2021-10-06 00:00:00,4588.680664,4637.289569,4540.071759,4598.402445,18382400
2021-10-07 00:00:00,4627.567871,4676.176777,4588.680746,4588.680746,24631100
2021-10-08 00:00:00,4695.620605,4773.39486,4656.733478,4715.064169,20822800
2021-10-11 00:00:00,4885.195313,4909.499767,4744.229478,4783.116604,32235200
2021-10-12 00:00:00,4812.281738,4885.195098,4802.559957,4860.890645,13450500
2021-10-13 00:00:00,4802.560059,4822.003622,4734.507588,4812.28184,20320900
2021-10-14 00:00:00,4958.108398,4982.412851,4802.5599,4802.5599,24793300
2021-10-15 00:00:00,4958.108398,5031.021757,4885.19504,4982.412851,20273000
2021-10-18 00:00:00,4982.413086,5079.630902,4982.413086,5055.326448,22204800
2021-10-19 00:00:00,4909.499512,4982.412871,4831.725262,4982.412871,22326200
2021-10-21 00:00:00,4860.890625,5103.935156,4851.168844,5055.32625,37669200
2021-10-22 00:00:00,4783.116699,4822.003827,4715.064226,4783.116699,17534600
2021-10-25 00:00:00,4724.785645,4792.838113,4715.063863,4744.229207,9829300
2021-10-26 00:00:00,4724.785645,4783.116332,4724.785645,4753.950988,8251000
2021-10-27 00:00:00,4666.455078,4734.507548,4637.289734,4724.785767,19013100
2021-10-28 00:00:00,4656.733398,4676.176962,4588.680927,4627.568054,12108700
2021-10-29 00:00:00,4715.063965,4753.95109,4676.176839,4734.507528,14054300
2021-11-01 00:00:00,4666.455078,4724.785767,4656.733297,4685.898641,8986800
2021-11-02 00:00:00,4627.567871,4715.063902,4617.84609,4705.342121,8099000
2021-11-03 00:00:00,4637.289551,4656.733113,4578.958865,4627.56777,11649100
2021-11-04 00:00:00,4656.733398,4676.176962,4617.846272,4627.568054,7558000
2021-11-05 00:00:00,4676.176758,4676.176758,4617.846071,4637.289633,5975600
2021-11-08 00:00:00,4715.063965,4744.229309,4685.898621,4685.898621,8483100
2021-11-09 00:00:00,4705.342285,4753.951193,4685.898722,4744.229411,5269100
2021-11-10 00:00:00,4705.342285,4715.064067,4685.898722,4705.342285,2515300
2021-11-11 00:00:00,4695.620605,4734.507733,4695.620605,4705.342387,3136800
2021-11-12 00:00:00,4753.951172,4753.951172,4715.064046,4715.064046,7891300
2021-11-15 00:00:00,4724.785645,4802.559894,4715.063863,4753.950988,4722300
2021-11-16 00:00:00,4685.898438,4715.06378,4666.454876,4715.06378,3670200
2021-11-17 00:00:00,4637.289551,4705.342018,4617.845989,4695.620237,7716900
2021-11-18 00:00:00,4588.680664,4656.733132,4588.680664,4637.289569,5876000
2021-11-19 00:00:00,4705.342285,4715.064067,4617.846251,4617.846251,9174100
2021-11-22 00:00:00,4734.507324,4744.229105,4647.011296,4705.341981,8413800
2021-11-23 00:00:00,4744.229492,4802.560183,4734.50771,4763.673056,13267700
2021-11-24 00:00:00,4734.507324,4773.394448,4715.063762,4753.950886,8407800
2021-11-25 00:00:00,4792.838379,4885.195305,4783.116597,4802.560161,19101400
2021-11-26 00:00:00,4637.289551,4763.672704,4617.845989,4763.672704,14814300
2021-11-29 00:00:00,4617.846191,4647.011536,4540.07194,4588.680847,6653800
2021-11-30 00:00:00,4656.733398,4705.342307,4598.402709,4608.12449,10489600
2021-12-01 00:00:00,4559.515137,4666.454724,4549.793356,4656.732943,8788700
2021-12-02 00:00:00,4656.733398,4666.45518,4540.072019,4569.237364,8222900
2021-12-03 00:00:00,4627.567871,4695.62034,4598.402527,4656.733215,5069300
2021-12-06 00:00:00,4617.846191,4666.455099,4578.959066,4627.567973,4908300
2021-12-07 00:00:00,4647.01123,4676.176573,4617.845888,4637.28945,2740400
2021-12-08 00:00:00,4608.124512,4705.342328,4608.124512,4685.898765,4919500
2021-12-09 00:00:00,4666.455078,4685.898641,4617.846171,4647.011515,4294800
2021-12-10 00:00:00,4637.289551,4647.011332,4598.402427,4637.289551,3388200
2021-12-13 00:00:00,4578.958984,4647.011453,4578.958984,4637.289672,4544500
2021-12-14 00:00:00,4578.958984,4598.402547,4540.071859,4588.680766,8711100
2021-12-15 00:00:00,4520.628418,4588.680889,4520.628418,4569.237326,5374100
2021-12-16 00:00:00,4481.741211,4549.793681,4481.741211,4530.350118,4883400
2021-12-17 00:00:00,4530.350098,4569.237223,4491.462972,4510.906535,5683400
2021-12-20 00:00:00,4491.462891,4520.628234,4472.019328,4491.462891,6730200
2021-12-21 00:00:00,4491.462891,4530.350015,4442.853985,4452.575766,5491100
2021-12-22 00:00:00,4384.523926,4510.907099,4384.523926,4491.463534,9524600
2021-12-23 00:00:00,4403.967285,4433.132631,4384.523721,4384.523721,4086600
2021-12-24 00:00:00,4559.515137,4569.236917,4423.410207,4423.410207,4807100
2021-12-27 00:00:00,4559.515137,4598.402259,4540.071575,4569.236917,2346500
2021-12-28 00:00:00,4578.958984,4598.402547,4569.237203,4578.958984,1929100
2021-12-29 00:00:00,4520.628418,4608.124452,4501.184855,4608.124452,2189700
2021-12-30 00:00:00,4549.793457,4569.237019,4530.349895,4549.793457,2497800
2022-01-03 00:00:00,4627.567871,4637.289652,4549.793621,4569.237184,5255800
2022-01-04 00:00:00,4520.628418,4647.011578,4520.628418,4637.289796,4924500
2022-01-05 00:00:00,4481.741211,4578.959025,4433.132304,4569.237243,9546700
2022-01-06 00:00:00,4433.132813,4501.18529,4433.132813,4481.741725,4664100
2022-01-07 00:00:00,4384.523926,4462.298186,4384.523926,4433.132838,8146400
2022-01-10 00:00:00,4384.523926,4442.854621,4384.523926,4403.967491,4279100
2022-01-11 00:00:00,4131.757324,4403.967219,4122.035542,4384.523655,12877300
2022-01-12 00:00:00,4258.140625,4365.08023,4170.644585,4267.862407,20166200
2022-01-13 00:00:00,4627.567871,4647.011434,4287.305528,4287.305528,37580300
2022-01-14 00:00:00,4637.289551,4637.289551,4540.07174,4627.56777,11593100
2022-01-17 00:00:00,4530.350098,4627.567911,4520.628316,4627.567911,7081800
2022-01-18 00:00:00,4588.680664,4588.680664,4481.741072,4559.515321,13448700
2022-01-19 00:00:00,4753.951172,4792.838298,4530.350197,4559.515541,30043700
2022-01-20 00:00:00,4860.890625,5031.021797,4792.838156,4812.281719,113874800
2022-01-21 00:00:00,4885.195313,4958.108675,4841.447295,4860.890858,62019100
2022-01-24 00:00:00,4851.168945,4958.108541,4831.725382,4958.108541,13070000
2022-01-25 00:00:00,4715.063965,4763.672872,4647.011495,4763.672872,14683200
2022-01-26 00:00:00,4695.620605,4724.785951,4617.846351,4666.45526,19140000
2022-01-27 00:00:00,4608.124512,4676.176983,4578.959167,4666.455202,11079600
2022-01-28 00:00:00,4569.237305,4617.846212,4520.628397,4617.846212,14784600
2022-01-31 00:00:00,4578.958984,4588.680766,4530.350078,4569.237203,12771100
2022-02-02 00:00:00,4598.402344,4724.785495,4598.402344,4666.45481,12550200
2022-02-03 00:00:00,4569.237305,4598.402649,4491.463053,4598.402649,17570200
2022-02-04 00:00:00,4598.402344,4627.567686,4520.628097,4569.237001,14711900
2022-02-07 00:00:00,4578.958984,4617.84611,4540.071859,4608.124328,25722400
2022-02-08 00:00:00,4520.628418,4608.124452,4520.628418,4588.680889,9819700
2022-02-09 00:00:00,4530.350098,4588.680786,4491.462972,4520.628316,8291300
2022-02-10 00:00:00,4666.455078,4753.951111,4569.237264,4569.237264,14257300
2022-02-11 00:00:00,4647.01123,4715.063696,4598.402326,4685.898354,9349900
2022-02-14 00:00:00,4569.237305,4608.124431,4491.463053,4598.402649,23357000
2022-02-15 00:00:00,4540.071777,4588.680683,4520.628215,4569.237121,7902200
2022-02-16 00:00:00,4598.402344,4627.567686,4530.349878,4559.51522,14108700
2022-02-17 00:00:00,4617.846191,4627.567973,4540.07194,4608.12441,10280800
2022-02-18 00:00:00,4763.672852,4812.281758,4627.567913,4647.011476,26650300
2022-02-21 00:00:00,4763.672852,4822.00354,4715.063945,4783.116414,13032100
2022-02-22 00:00:00,4822.003418,4860.890542,4705.342045,4763.672731,22200300
2022-02-23 00:00:00,4802.560059,4851.168966,4783.116496,4841.447185,13284400
2022-02-24 00:00:00,4958.108398,5055.32621,4734.507431,4792.838118,51140200
2022-02-25 00:00:00,5249.762207,5298.371116,5031.022115,5031.022115,58909100
2022-03-01 00:00:00,5103.935547,5419.893462,5055.326637,5322.675642,35131100
2022-03-02 00:00:00,5103.935547,5249.762277,5103.935547,5176.848912,37484400
2022-03-04 00:00:00,5249.762207,5322.675571,5128.239934,5225.457752,40926200
2022-03-07 00:00:00,5930.286621,5954.591074,5346.97974,5346.97974,80288100
2022-03-08 00:00:00,6221.94043,6853.856255,6124.72261,6464.984978,186528000
2022-03-09 00:00:00,5881.677734,6173.331176,5808.764374,6124.722269,83621600
2022-03-10 00:00:00,6051.809082,6149.026899,5662.937816,5784.460086,46780400
2022-03-11 00:00:00,5954.591309,6173.331397,5930.286854,6051.809126,19293200
2022-03-14 00:00:00,5541.415527,5978.895701,5541.415527,5954.591246,37807200
2022-03-15 00:00:00,5444.197754,5687.242296,5346.979937,5346.979937,32818500
2022-03-16 00:00:00,5444.197754,5590.024479,5298.371028,5590.024479,21170000
2022-03-17 00:00:00,5419.893555,5541.415832,5371.284644,5444.19801,14352700
2022-03-18 00:00:00,5638.633301,5687.242209,5444.19767,5444.19767,26057800
2022-03-21 00:00:00,5590.024414,5711.546684,5541.415506,5687.24223,15095100
2022-03-22 00:00:00,5978.895508,6051.808868,5590.024255,5590.024255,36705400
2022-03-23 00:00:00,6221.94043,6246.244884,6003.200336,6027.504791,51683600
2022-03-24 00:00:00,6586.506836,6586.506836,6343.462303,6537.897929,50252100
2022-03-25 00:00:00,6659.42041,6756.638226,6464.984778,6586.507048,33906200
2022-03-28 00:00:00,6562.202637,6659.420454,6416.375911,6562.202637,18569600
2022-03-29 00:00:00,6537.897949,6586.506856,6416.375683,6440.680136,20636300
2022-03-30 00:00:00,6537.897949,6659.420216,6416.375683,6513.593496,26802600
2022-03-31 00:00:00,6513.593262,6586.506619,6440.679904,6586.506619,10709500
2022-04-01 00:00:00,6708.029297,6902.464929,6464.984757,6513.593665,56152900
2022-04-04 00:00:00,6780.942383,6853.855742,6683.724571,6780.942383,18906000
2022-04-05 00:00:00,6756.638184,6853.855999,6732.33373,6853.855999,12042500
2022-04-06 00:00:00,6635.115723,6878.160255,6610.811269,6732.333535,20527800
2022-04-07 00:00:00,6975.378418,7072.596236,6537.898238,6635.116056,40635200
2022-04-08 00:00:00,7364.25,7364.25,6975.378713,7048.292079,34085200
2022-04-11 00:00:00,7096.900879,7461.467705,6975.378604,7364.249885,34202800
2022-04-12 00:00:00,7339.945313,7339.945313,6951.074038,7048.291856,20431800
2022-04-13 00:00:00,7218.422852,7364.249576,7145.509489,7339.945122,17728100
2022-04-14 00:00:00,7753.120605,7826.033965,7194.118179,7242.727086,48615100
2022-04-18 00:00:00,8069.078613,8141.991974,7704.511808,7753.120716,30048600
2022-04-19 00:00:00,8433.645508,8457.949962,8020.469791,8117.687607,37228300
2022-04-20 00:00:00,8239.209961,8555.167865,8166.296598,8457.950048,32969700
2022-04-21 00:00:00,7777.425293,8214.905466,7777.425293,8166.296558,35164400
2022-04-22 00:00:00,7728.816406,7898.947585,7534.380773,7728.816406,49921200
2022-04-25 00:00:00,7510.076172,7680.207347,7339.944996,7631.59844,59781600
2022-04-26 00:00:00,6999.682617,7388.553874,6999.682617,7388.553874,58395700
2022-04-27 00:00:00,6975.378418,7194.118508,6610.811602,6708.029419,72764700
2022-04-28 00:00:00,7096.900879,7291.336519,7023.987514,7023.987514,34581500
2022-05-09 00:00:00,6975.378418,7218.422962,6732.333874,6999.682872,42678700
2022-05-10 00:00:00,6610.811523,6780.942702,6489.289253,6610.811523,56593900
2022-05-11 00:00:00,6586.506836,6926.769182,6562.202383,6635.115742,37149500
2022-05-12 00:00:00,6464.984863,6853.856133,6464.984863,6586.507135,42693200
2022-05-13 00:00:00,6708.029297,6926.769383,6537.898119,6659.420389,51676200
2022-05-17 00:00:00,7072.596191,7096.900646,6780.94274,6805.247194,34443100
2022-05-18 00:00:00,6902.464844,7194.118288,6805.247029,7169.813834,34069900
2022-05-19 00:00:00,7412.858887,7558.685619,6659.42077,6756.638592,54694200
2022-05-20 00:00:00,7753.120605,7947.556232,7582.989432,7631.598339,76251600
2022-05-23 00:00:00,7510.076172,8044.774152,7437.162811,7850.338523,31082200
2022-05-24 00:00:00,7631.598633,7753.120904,7582.989724,7631.598633,22772300
2022-05-25 00:00:00,7388.554199,7680.207654,7339.94529,7582.989836,35376800
2022-05-27 00:00:00,7582.989258,7655.902616,7437.162541,7534.380352,36405400
2022-05-30 00:00:00,7801.729492,7874.642852,7534.380506,7728.816132,41615300
2022-05-31 00:00:00,7996.165527,7996.165527,7510.076438,7826.034346,256138500
2022-06-02 00:00:00,7704.511719,7996.165159,7680.207265,7947.556252,32948300
2022-06-03 00:00:00,7461.467773,7777.425692,7437.163318,7728.816782,25172100
2022-06-06 00:00:00,7412.858887,7510.076708,7194.118788,7461.467797,34928200
2022-06-07 00:00:00,7437.163086,7534.380904,7339.945268,7437.163086,23078700
2022-06-08 00:00:00,7485.771484,7485.771484,7291.335861,7485.771484,12660900
2022-06-09 00:00:00,7437.163086,7485.771995,7242.72745,7485.771995,18689000
2022-06-10 00:00:00,7194.118652,7315.640927,7048.291923,7291.336472,21944100
2022-06-13 00:00:00,6999.682617,7048.291524,6805.246989,6999.682617,21354500
2022-06-14 00:00:00,6999.682617,6999.682617,6829.551442,6853.855896,27888600
2022-06-15 00:00:00,6732.333496,6975.378027,6537.897872,6975.378027,30579800
2022-06-16 00:00:00,6902.464844,6975.378205,6732.333668,6902.464844,15181300
2022-06-17 00:00:00,6708.029297,6780.942659,6586.507027,6708.029297,14589200
2022-06-20 00:00:00,6464.984863,6805.247225,6464.984863,6708.029407,20034400
2022-06-21 00:00:00,6853.855957,6975.378226,6489.289151,6513.593605,25072000
2022-06-22 00:00:00,6562.202637,6878.160541,6562.202637,6829.551633,19487300
2022-06-23 00:00:00,6221.94043,6537.898342,6124.72261,6537.898342,84939600
2022-06-24 00:00:00,6124.722656,6197.636021,5930.287016,6197.636021,44395700
2022-06-27 00:00:00,5735.851074,6003.200065,5711.546621,6003.200065,88718100
2022-06-28 00:00:00,5662.9375,5760.155311,5444.197425,5711.546406,36954300
2022-06-29 00:00:00,5614.328613,5760.155331,5541.415255,5614.328613,52039800
2022-06-30 00:00:00,5492.806152,5687.241768,5419.892796,5662.937316,22993800
2022-07-01 00:00:00,5201.15332,5444.197868,5128.239956,5371.284504,30242300
2022-07-04 00:00:00,5298.371094,5322.675548,5006.717639,5201.153276,29050200
2022-07-05 00:00:00,5298.371094,5492.80673,5298.371094,5395.588912,25983200
2022-07-06 00:00:00,5079.630859,5274.06649,5079.630859,5274.06649,20712700
2022-07-07 00:00:00,4909.499512,5103.935136,4909.499512,5031.021777,20694600
2022-07-08 00:00:00,5152.544434,5201.153343,4958.108795,5006.717704,20129500
2022-07-11 00:00:00,5006.717773,5176.84896,4958.108863,5152.544505,6913500
2022-07-12 00:00:00,5006.717773,5079.631139,4958.108863,5031.022229,12139200
2022-07-13 00:00:00,4885.195313,5006.717584,4860.890858,5006.717584,12327300
2022-07-14 00:00:00,4933.804199,4958.108653,4822.00371,4860.890837,7098800
2022-07-15 00:00:00,4637.289551,4831.725171,4608.124208,4753.950923,28229900
2022-07-18 00:00:00,4744.229492,4831.725528,4676.17702,4695.620583,18284300
2022-07-19 00:00:00,5006.717773,5006.717773,4763.673221,4783.116785,21992200
2022-07-20 00:00:00,5006.717773,5152.544505,4933.804408,5103.935594,21028600
2022-07-21 00:00:00,5055.32666,5128.240025,4982.413295,5055.32666,12762300
2022-07-22 00:00:00,5541.415527,5614.32889,5103.935354,5128.239808,57420000
2022-07-25 00:00:00,5419.893555,5711.54702,5371.284644,5638.633653,18373400
2022-07-26 00:00:00,5541.415527,5590.024435,5395.588803,5444.197711,13418200
2022-07-27 00:00:00,5492.806152,5565.719508,5419.892796,5492.806152,8062800
2022-07-28 00:00:00,6003.200195,6076.113558,5565.720019,5565.720019,44993100
2022-07-29 00:00:00,5930.286621,6124.722248,5857.373261,6076.113341,23951400
2022-08-01 00:00:00,6173.331543,6294.853817,6027.504814,6173.331543,34029700
2022-08-02 00:00:00,5881.677734,6149.026722,5881.677734,6149.026722,28713800
2022-08-03 00:00:00,5930.286621,5978.895528,5687.242087,5735.850994,15954500
2022-08-04 00:00:00,5930.286621,6051.808888,5857.373261,6027.504435,17280500
2022-08-05 00:00:00,5930.286621,6027.504435,5857.373261,5954.591074,17870000
2022-08-08 00:00:00,6149.026855,6149.026855,5881.677862,5930.28677,15268000
2022-08-09 00:00:00,6562.202637,6610.811545,6173.331369,6270.549186,37749600
2022-08-10 00:00:00,6392.071777,6610.811876,6343.462866,6610.811876,20632100
2022-08-11 00:00:00,6732.333496,6756.637949,6489.288966,6537.897872,30749500
2022-08-12 00:00:00,6805.24707,6926.769339,6683.724801,6780.942616,19854300
2022-08-15 00:00:00,6464.984863,6780.94277,6464.984863,6780.94277,15385500
2022-08-16 00:00:00,6343.462891,6464.985168,6246.245069,6464.985168,39206800
2022-08-18 00:00:00,6197.635742,6319.158012,6124.722381,6294.853558,22986100
2022-08-19 00:00:00,6319.158203,6343.462658,6124.722566,6221.940385,23010800
2022-08-22 00:00:00,6027.504395,6367.766739,6003.199941,6343.462286,18713700
2022-08-23 00:00:00,6076.11377,6149.027135,6027.504859,6051.809314,14627700
2022-08-24 00:00:00,5978.895508,6149.026681,5978.895508,6076.113321,14416000
2022-08-25 00:00:00,5978.895508,6076.113321,5930.286601,6003.199961,11915000
2022-08-26 00:00:00,5954.591309,6076.11358,5930.286854,6027.504672,8153800
2022-08-29 00:00:00,5857.373535,6027.504717,5735.851263,5833.069081,14198300
2022-08-30 00:00:00,5954.591309,6100.418035,5905.9824,5930.286854,12522800
2022-08-31 00:00:00,5930.286621,6027.504435,5784.459901,5954.591074,25712700
2022-09-01 00:00:00,5808.764648,5978.895831,5784.460194,5954.591376,11850100
2022-09-02 00:00:00,5614.328613,5808.764236,5590.02416,5735.850878,28064300
2022-09-05 00:00:00,5784.459961,5881.677775,5638.633239,5638.633239,18540500
2022-09-06 00:00:00,6003.200195,6051.809104,5881.677924,5905.982378,22862600
2022-09-07 00:00:00,5954.591309,6149.026943,5930.286854,6003.200217,24013800
2022-09-08 00:00:00,6027.504395,6100.417754,6003.199941,6003.199941,12271900
2022-09-09 00:00:00,6003.200195,6076.113558,5833.069016,6051.809104,20401800
2022-09-12 00:00:00,6270.549316,6270.549316,6076.113679,6124.722588,33401500
2022-09-13 00:00:00,6537.897949,6586.506856,6416.375683,6416.375683,38925500
2022-09-14 00:00:00,6562.202637,6562.202637,6343.462549,6440.680366,18870800
2022-09-15 00:00:00,6464.984863,6708.029407,6440.680409,6610.81159,24045500
2022-09-16 00:00:00,6343.462891,6367.767346,6221.940613,6367.767346,21405100
2022-09-19 00:00:00,6343.462891,6489.289624,6270.549524,6440.680713,12190300
2022-09-20 00:00:00,6294.853516,6464.984692,6294.853516,6440.680238,12804200
2022-09-21 00:00:00,6440.680664,6440.680664,6246.245021,6294.853932,14094600
2022-09-22 00:00:00,6464.984863,6489.289318,6319.158137,6319.158137,10366800
2022-09-23 00:00:00,6440.680664,6513.59403,6392.071753,6440.680664,8758600
2022-09-26 00:00:00,6319.158203,6319.158203,6221.940385,6319.158203,9581800
2022-09-27 00:00:00,6392.071777,6392.071777,6124.722768,6221.940589,12361600
2022-09-28 00:00:00,6076.11377,6367.76723,6051.809314,6367.76723,12308500
2022-09-29 00:00:00,6076.11377,6197.636045,6051.809314,6197.636045,7504200
2022-09-30 00:00:00,6221.94043,6246.244884,6051.809246,6076.113701,13794500
2022-10-03 00:00:00,6003.200195,6221.940283,6003.200195,6124.722466,12138500
2022-10-04 00:00:00,6367.76709,6392.071544,6076.113635,6124.722544,17089200
2022-10-05 00:00:00,6537.897949,6586.506856,6440.680136,6440.680136,15289600
2022-10-06 00:00:00,6537.897949,6562.202403,6416.375683,6537.897949,9630000
2022-10-07 00:00:00,6610.811523,6610.811523,6537.898161,6610.811523,13516300
2022-10-10 00:00:00,6489.289063,6562.202423,6343.462342,6513.593516,12255700
2022-10-11 00:00:00,6367.76709,6562.202726,6367.76709,6562.202726,8469100
2022-10-12 00:00:00,6392.071777,6513.594054,6294.853956,6392.071777,11308900
2022-10-13 00:00:00,6343.462891,6489.289624,6343.462891,6489.289624,5854000
2022-10-14 00:00:00,6513.593262,6513.593262,6367.766547,6440.679904,8086700
2022-10-17 00:00:00,6392.071777,6513.594054,6319.158411,6513.594054,5846200
2022-10-18 00:00:00,6464.984863,6464.984863,6367.767046,6464.984863,3856000
2022-10-19 00:00:00,6708.029297,6732.333751,6440.680303,6513.593665,18198800
2022-10-20 00:00:00,6683.724609,6708.029063,6537.897891,6683.724609,10286400
2022-10-21 00:00:00,6392.071777,6708.029698,6392.071777,6683.725242,15878500
2022-10-24 00:00:00,6416.375977,6464.984885,6367.767068,6416.375977,8531500
2022-10-25 00:00:00,6489.289063,6513.593516,6392.071249,6464.984609,6999800
2022-10-26 00:00:00,6513.593262,6586.506619,6464.984357,6513.593262,9178000
2022-10-27 00:00:00,6562.202637,6635.115999,6489.289274,6562.202637,9381300
2022-10-28 00:00:00,6319.158203,6537.898295,6124.722566,6537.898295,35676300
2022-10-31 00:00:00,6319.158203,6343.462658,6246.244839,6319.158203,11128100
2022-11-01 00:00:00,6343.462891,6367.767346,6246.245069,6343.462891,10834500
2022-11-02 00:00:00,6440.680664,6562.202941,6367.767298,6537.898485,15760000
2022-11-03 00:00:00,6440.680664,6513.59403,6416.376209,6440.680664,4340900
2022-11-04 00:00:00,6562.202637,6562.202637,6319.158095,6343.462549,9856200
2022-11-07 00:00:00,6951.07373,6951.07373,6635.115834,6708.029194,37131700
2022-11-08 00:00:00,6829.551758,7048.29185,6805.247303,6951.074031,11404000
2022-11-09 00:00:00,6975.378418,7218.422962,6902.465055,6926.769509,24677300
2022-11-10 00:00:00,6902.464844,7096.900473,6805.247029,7023.987112,12011600
2022-11-11 00:00:00,7218.422852,7291.336214,7072.596127,7169.813943,42507800
2022-11-14 00:00:00,7096.900879,7339.94543,7048.291969,7339.94543,24844500
2022-11-15 00:00:00,7096.900879,7364.249885,7048.291969,7242.727609,30632100
2022-11-16 00:00:00,7072.596191,7194.118463,6951.07392,7194.118463,10280500
2022-11-17 00:00:00,6902.464844,6975.378205,6708.029214,6902.464844,9237600
2022-11-18 00:00:00,6708.029297,6926.769383,6708.029297,6853.856021,21045000
2022-11-21 00:00:00,6829.551758,6926.769576,6756.638394,6756.638394,4236500
2022-11-22 00:00:00,6805.24707,6878.160432,6732.333709,6829.551524,6550100
2022-11-23 00:00:00,6999.682617,7048.291524,6951.07371,6975.378164,7987900
2022-11-24 00:00:00,6975.378418,7048.291781,6902.465055,6999.682872,4114900
2022-11-25 00:00:00,6926.769531,6999.682895,6829.551713,6975.37844,5788300
2022-11-28 00:00:00,6975.378418,6999.682872,6829.551691,6902.465055,5204600
2022-11-29 00:00:00,7096.900879,7145.509789,6999.683059,7023.987514,16219300
2022-11-30 00:00:00,7169.813965,7218.422873,7072.596148,7194.118419,35907400
2022-12-01 00:00:00,7096.900879,7339.94543,7096.900879,7242.727609,23571500
2022-12-02 00:00:00,7194.118652,7315.640927,7169.814197,7194.118652,24735700
2022-12-05 00:00:00,7218.422852,7437.162938,7194.118398,7315.640668,20512000
2022-12-06 00:00:00,7096.900879,7194.118699,7023.987514,7145.509789,9000600
2022-12-07 00:00:00,6878.160645,7145.509645,6853.85619,7096.900736,13161800
2022-12-08 00:00:00,7169.813965,7315.64069,6926.769424,6999.682786,23783300
2022-12-09 00:00:00,7048.291504,7145.509318,6951.07369,7048.291504,8136400
2022-12-12 00:00:00,7145.509766,7145.509766,6926.769671,6951.074126,5822900
2022-12-13 00:00:00,7023.987305,7194.118485,6951.073942,7194.118485,10833000
2022-12-14 00:00:00,7121.205078,7145.509532,7023.987261,7048.291716,4247600
2022-12-15 00:00:00,7072.596191,7145.509554,6999.682829,7121.2051,6029300
2022-12-16 00:00:00,7169.813965,7194.118419,6975.378332,6999.682786,7874600
2022-12-19 00:00:00,7121.205078,7169.813987,7072.59617,7169.813987,3040400
2022-12-20 00:00:00,6999.682617,7096.900431,6926.769257,7048.291524,8058600
2022-12-21 00:00:00,7023.987305,7121.205122,6999.68285,7048.291759,4451200
2022-12-22 00:00:00,7023.987305,7145.509576,7023.987305,7145.509576,3545100
2022-12-23 00:00:00,6853.855957,6999.68268,6829.551503,6975.378226,10326700
2022-12-26 00:00:00,6902.464844,6951.073751,6829.551483,6853.855936,2406600
2022-12-27 00:00:00,6926.769531,7023.987349,6902.465077,6951.073986,3062800
2022-12-28 00:00:00,6926.769531,6975.37844,6853.856168,6951.073986,3149900
2022-12-29 00:00:00,6975.378418,6975.378418,6878.1606,6926.769509,3640300
2022-12-30 00:00:00,6902.464844,6999.682658,6902.464844,6999.682658,2344700
2023-01-02 00:00:00,6853.855957,6975.378226,6853.855957,6926.769318,1289400
2023-01-03 00:00:00,6902.464844,6951.073751,6732.333668,6853.855936,4378800
2023-01-04 00:00:00,7096.900879,7218.423154,6999.683059,6999.683059,11306200
2023-01-05 00:00:00,6902.464844,7145.509381,6780.942575,7048.291566,14374200
2023-01-06 00:00:00,7145.509766,7145.509766,6805.247396,6902.465216,7538000
2023-01-09 00:00:00,7218.422852,7291.336214,7072.596127,7194.118398,9662500
2023-01-10 00:00:00,7048.291504,7242.727132,6951.07369,7218.422678,7604100
2023-01-11 00:00:00,7121.205078,7145.509532,6999.682807,7048.291716,4909500
2023-01-12 00:00:00,7121.205078,7267.031803,7096.900624,7145.509532,6412400
2023-01-13 00:00:00,7218.422852,7291.336214,7145.509489,7194.118398,3998600
2023-01-16 00:00:00,7242.727539,7291.336449,7145.50972,7267.031994,4375600
2023-01-17 00:00:00,7388.554199,7534.380927,7242.727472,7267.031926,20645200
2023-01-18 00:00:00,7291.336426,7461.467609,7194.118607,7388.554245,9265600
2023-01-19 00:00:00,7291.336426,7412.8587,7194.118607,7339.945335,9687900
2023-01-20 00:00:00,7339.945313,7388.554222,7218.423039,7339.945313,12228600
2023-01-24 00:00:00,7194.118652,7364.249837,7194.118652,7339.945382,4869800
2023-01-25 00:00:00,7096.900879,7267.032064,7048.291969,7242.727609,7824800
2023-01-26 00:00:00,7072.596191,7194.118463,6999.682829,7096.900646,7194800
2023-01-27 00:00:00,7218.422852,7267.03176,7023.987219,7121.205035,9713200
2023-01-30 00:00:00,7121.205078,7218.422895,7048.291716,7218.422895,6081500
2023-01-31 00:00:00,7218.422852,7242.727306,7048.291673,7145.509489,9856100
2023-02-01 00:00:00,7364.25,7437.163366,7242.727723,7267.032178,14121000
2023-02-02 00:00:00,7218.422852,7315.640668,7194.118398,7315.640668,5320000
2023-02-03 00:00:00,7169.813965,7339.945144,7096.900602,7291.336235,4760800
2023-02-06 00:00:00,7048.291504,7169.813771,6999.682597,7169.813771,7277200
2023-02-07 00:00:00,7121.205078,7121.205078,6951.073899,6999.682807,6454900
2023-02-08 00:00:00,7072.596191,7145.509554,7072.596191,7145.509554,3598400
2023-02-09 00:00:00,6951.07373,7096.900452,6951.07373,7096.900452,11365600
2023-02-10 00:00:00,6999.682617,7072.595978,6853.855896,7048.291524,11411900
2023-02-13 00:00:00,6926.769531,6975.37844,6853.856168,6975.37844,7882800
2023-02-14 00:00:00,6926.769531,6975.37844,6853.856168,6902.465077,4193400
2023-02-15 00:00:00,6756.638184,6951.073815,6708.029276,6926.769361,12971300
2023-02-16 00:00:00,6635.115723,6805.246895,6513.593457,6780.942442,25747200
2023-02-17 00:00:00,6586.506836,6683.724649,6562.202383,6635.115742,13090600
2023-02-20 00:00:00,6489.289063,6586.506876,6367.766795,6562.202423,16288000
2023-02-21 00:00:00,6586.506836,6659.420196,6537.897929,6562.202383,6977100
2023-02-22 00:00:00,6610.811523,6610.811523,6489.289253,6586.507069,6618500
2023-02-23 00:00:00,6416.375977,6610.811612,6416.375977,6610.811612,15350500
2023-02-24 00:00:00,6440.680664,6464.985119,6319.158387,6343.462843,15079900
2023-02-27 00:00:00,6464.984863,6489.289318,6343.462591,6392.0715,11511600
2023-02-28 00:00:00,6635.115723,6683.724629,6440.680097,6537.89791,14276500
2023-03-01 00:00:00,6732.333496,6732.333496,6586.506778,6635.115684,11854600
2023-03-02 00:00:00,6635.115723,6732.333535,6635.115723,6732.333535,8187100
2023-03-03 00:00:00,6635.115723,6659.420176,6586.506816,6635.115723,4793000
2023-03-06 00:00:00,6586.506836,6683.724649,6562.202383,6659.420196,4733900
2023-03-07 00:00:00,6367.76709,6562.202726,6343.462635,6562.202726,11638500
2023-03-08 00:00:00,6246.244629,6319.15799,6076.113452,6319.15799,19915400
2023-03-09 00:00:00,6173.331543,6294.853817,6149.027088,6246.244908,8265200
2023-03-10 00:00:00,6221.94043,6246.244884,6076.113701,6124.72261,13963600
2023-03-13 00:00:00,6003.200195,6221.940283,6003.200195,6221.940283,9579000
2023-03-14 00:00:00,5905.982422,6149.026966,5833.069059,6027.504694,16801300
2023-03-15 00:00:00,5978.895508,6003.199961,5881.677695,5905.982148,10664900
2023-03-16 00:00:00,5978.895508,6003.199961,5760.155428,5930.286601,23220200
2023-03-17 00:00:00,6173.331543,6197.635998,6003.200359,6076.113723,15298900
2023-03-20 00:00:00,6197.635742,6221.940196,6027.504565,6173.331288,7076300
2023-03-21 00:00:00,6173.331543,6197.635998,6051.809269,6197.635998,6171100
2023-03-24 00:00:00,6246.244629,6270.549083,6124.72236,6149.026814,6662700
2023-03-27 00:00:00,6246.244629,6367.766898,6246.244629,6319.15799,4131600
2023-03-28 00:00:00,6343.462891,6343.462891,6221.940613,6294.85398,5399100
2023-03-29 00:00:00,6416.375977,6416.375977,6319.158159,6392.071522,7367800
2023-03-30 00:00:00,6440.680664,6440.680664,6343.462843,6392.071753,4607100
2023-03-31 00:00:00,6464.984863,6562.202681,6392.0715,6440.680409,9494300
2023-04-03 00:00:00,6586.506836,6610.811289,6489.289023,6537.897929,4375300
2023-04-04 00:00:00,6562.202637,6562.202637,6440.680366,6537.898183,4208100
2023-04-05 00:00:00,6464.984863,6610.81159,6319.158137,6537.898226,9108800
2023-04-06 00:00:00,6221.94043,6464.984978,6221.94043,6464.984978,12862300
2023-04-10 00:00:00,6221.94043,6294.853794,6149.027065,6270.549339,4478400
2023-04-11 00:00:00,6343.462891,6392.071802,6221.940613,6221.940613,8548300
2023-04-12 00:00:00,6270.549316,6392.07159,6221.940407,6367.767135,9268300
2023-04-13 00:00:00,6197.635742,6294.853558,6197.635742,6270.549104,2515400
2023-04-14 00:00:00,6392.071777,6392.071777,6197.636134,6221.940589,5632700
2023-04-17 00:00:00,6270.549316,6464.984954,6221.940407,6440.680499,4919600
2023-04-18 00:00:00,6416.375977,6440.680431,6221.940341,6270.54925,4725700
2023-04-26 00:00:00,6416.375977,6416.375977,6221.940341,6367.767068,9647500
2023-04-27 00:00:00,6416.375977,6635.116067,6319.158159,6537.898249,14888200
2023-04-28 00:00:00,6780.942383,6780.942383,6464.984494,6464.984494,21019400
2023-05-02 00:00:00,6780.942383,6829.551289,6683.724571,6805.246836,8623100
2023-05-03 00:00:00,6708.029297,6805.247113,6635.115935,6805.247113,3543600
2023-05-04 00:00:00,6829.551758,6853.856212,6659.420575,6659.420575,7382100
2023-05-05 00:00:00,6805.24707,6853.855978,6659.420347,6829.551524,9857700
2023-05-08 00:00:00,6780.942383,6853.855742,6683.724571,6853.855742,5244000
2023-05-09 00:00:00,6878.160645,6902.465099,6708.029463,6708.029463,4566700
2023-05-10 00:00:00,6780.942383,6878.160195,6756.63793,6829.551289,3619500
2023-05-11 00:00:00,6708.029297,6756.638205,6562.202573,6756.638205,8569400
2023-05-12 00:00:00,6513.593262,6683.724429,6513.593262,6683.724429,7124000
2023-05-15 00:00:00,6513.593262,6586.506619,6416.375452,6513.593262,5925600
2023-05-16 00:00:00,6378.954102,6551.358266,6305.066602,6502.099934,11824100
2023-05-17 00:00:00,6403.583496,6403.583496,6231.179325,6354.325162,9083600
2023-05-19 00:00:00,6305.066895,6403.583565,6255.808559,6403.583565,17193800
2023-05-22 00:00:00,6231.179199,6403.583367,6231.179199,6403.583367,3751300
2023-05-23 00:00:00,6354.325195,6428.212698,6231.179358,6231.179358,6239600
2023-05-24 00:00:00,6526.729004,6526.729004,6305.066509,6354.324842,5142600
2023-05-25 00:00:00,6452.841797,6551.358466,6403.583463,6526.729298,7032500
2023-05-26 00:00:00,6477.470703,6526.729035,6403.583205,6452.841537,5414800
2023-05-29 00:00:00,6354.325195,6502.1002,6255.808526,6502.1002,6184500
2023-05-30 00:00:00,6428.212402,6502.099901,6305.066571,6354.324903,3836100
2023-05-31 00:00:00,6206.549805,6477.470629,6206.549805,6428.212298,19418700
2023-06-05 00:00:00,6502.100098,6551.358432,6181.920926,6206.550093,7319000
2023-06-06 00:00:00,6502.100098,6600.616766,6403.58343,6502.100098,5413500
2023-06-07 00:00:00,6502.100098,6625.245933,6452.841764,6551.358432,7546500
2023-06-08 00:00:00,6378.954102,6575.987433,6354.324935,6575.987433,3847300
2023-06-09 00:00:00,6255.808105,6428.212266,6255.808105,6428.212266,5051600
2023-06-12 00:00:00,6305.066895,6305.066895,6206.550224,6255.808559,4187100
2023-06-13 00:00:00,6354.325195,6378.954363,6206.550191,6280.437693,7079500
2023-06-14 00:00:00,6428.212402,6526.729068,6403.583236,6477.470735,10577000
2023-06-15 00:00:00,6502.100098,6551.358432,6428.212597,6477.470931,8584600
2023-06-16 00:00:00,6502.100098,6551.358432,6428.212597,6551.358432,7611900
2023-06-19 00:00:00,6403.583496,6477.470998,6378.954329,6403.583496,2171100
2023-06-20 00:00:00,6378.954102,6403.583268,6305.066602,6403.583268,2067800
2023-06-21 00:00:00,6329.695801,6403.5833,6305.066634,6378.954134,2329400
2023-06-22 00:00:00,6255.808105,6378.953934,6255.808105,6329.695603,3090400
2023-06-23 00:00:00,6206.549805,6305.066468,6206.549805,6255.808136,4722500
2023-06-26 00:00:00,6206.549805,6255.808136,6181.920639,6206.549805,3512000
2023-06-27 00:00:00,6206.549805,6280.437302,6108.033141,6206.549805,4771400
2023-07-03 00:00:00,6181.920898,6280.437566,6157.291732,6206.550065,3519800
2023-07-04 00:00:00,6157.291504,6231.179002,6132.662338,6181.92067,3144800
2023-07-05 00:00:00,6231.179199,6329.695866,6132.662532,6157.291699,8631500
2023-07-06 00:00:00,6255.808105,6329.695603,6231.17894,6305.066437,4951000
2023-07-07 00:00:00,6231.179199,6255.808366,6206.550032,6231.179199,5128500
2023-07-10 00:00:00,6206.549805,6280.437302,6181.920639,6181.920639,2101700
2023-07-11 00:00:00,6354.325195,6378.954363,6206.550191,6255.808526,8507300
2023-07-12 00:00:00,6305.066895,6378.954397,6280.437727,6354.32523,3163100
2023-07-13 00:00:00,6378.954102,6428.212434,6305.066602,6378.954102,5330400
2023-07-14 00:00:00,6280.4375,6378.954167,6280.4375,6378.954167,4925900
2023-07-17 00:00:00,6305.066895,6354.32523,6280.437727,6305.066895,3902800
2023-07-18 00:00:00,6329.695801,6329.695801,6280.437468,6305.066634,3261400
2023-07-20 00:00:00,6452.841797,6502.100131,6378.954295,6403.583463,5979700
2023-07-21 00:00:00,6502.100098,6526.729265,6378.954262,6452.841764,5437300
2023-07-24 00:00:00,6477.470703,6551.358202,6452.841537,6502.099869,3153500
2023-07-25 00:00:00,6551.358398,6699.1334,6526.729232,6551.358398,9945700
2023-07-26 00:00:00,6600.616699,6748.3917,6551.358366,6699.133366,10759200
2023-07-27 00:00:00,6551.358398,6625.245899,6502.100065,6600.616732,2578900
2023-07-28 00:00:00,6723.762695,6723.762695,6502.100189,6551.358524,4984000
2023-07-31 00:00:00,6773.020996,6797.650163,6674.504327,6723.762662,5188900
2023-08-01 00:00:00,6797.649902,6896.166568,6773.020736,6773.020736,7801600
2023-08-02 00:00:00,6773.020996,6797.650163,6674.504327,6797.650163,4492200
2023-08-03 00:00:00,6674.504395,6773.021065,6649.875227,6773.021065,3010400
2023-08-04 00:00:00,6674.504395,6748.391897,6674.504395,6674.504395,1800200
2023-08-07 00:00:00,6575.987305,6674.503968,6551.358139,6674.503968,3178100
2023-08-08 00:00:00,6428.212402,6600.616566,6428.212402,6575.9874,5281200
2023-08-09 00:00:00,6354.325195,6477.471032,6329.696028,6428.212698,6879400
2023-08-10 00:00:00,6280.4375,6378.954167,6280.4375,6354.325,6741100
2023-08-11 00:00:00,6231.179199,6280.437533,6231.179199,6280.437533,6279000
2023-08-14 00:00:00,6305.066895,6354.32523,6157.291889,6231.179392,31931300
2023-08-15 00:00:00,6280.4375,6329.695833,6255.808333,6329.695833,11515300
2023-08-16 00:00:00,6058.774902,6280.437399,6009.51657,6255.808233,21981400
2023-08-18 00:00:00,5984.887695,6108.033533,5960.258528,6108.033533,7447400
2023-08-21 00:00:00,5935.629395,6034.146065,5935.629395,5984.88773,7629800
2023-08-22 00:00:00,5960.258301,6009.516634,5861.741635,5960.258301,13718900
2023-08-23 00:00:00,5886.370605,6009.516434,5886.370605,6009.516434,18186000
2023-08-24 00:00:00,5886.370605,5935.628937,5886.370605,5935.628937,8398700
2023-08-25 00:00:00,5861.741699,5911.000033,5837.112532,5886.370866,12480400
2023-08-28 00:00:00,5886.370605,5960.258103,5861.74144,5910.999771,11478300
2023-08-29 00:00:00,5911,5935.629167,5886.370833,5935.629167,5883000
2023-08-30 00:00:00,5861.741699,5935.6292,5861.741699,5911.000033,6884400
2023-08-31 00:00:00,5812.483398,5911.000066,5713.966731,5861.741732,24951900
2023-09-01 00:00:00,5837.112305,5861.741471,5738.595641,5812.483139,5956600
2023-09-04 00:00:00,5886.370605,5984.887268,5886.370605,5910.999771,8990200
2023-09-05 00:00:00,5911,5935.629167,5886.370833,5911,11724300
2023-09-06 00:00:00,5911,5960.258333,5886.370833,5911,11042000
2023-09-07 00:00:00,5911,5911,5837.1125,5911,8285900
2023-09-08 00:00:00,5787.854004,5910.999834,5787.854004,5910.999834,6251700
2023-09-11 00:00:00,5787.854004,5837.112336,5713.966506,5787.854004,10264100
2023-09-12 00:00:00,5787.854004,5886.370668,5763.224838,5837.112336,5506700
2023-09-13 00:00:00,5713.966797,5837.112633,5590.820961,5787.854299,15408500
2023-09-14 00:00:00,5763.225098,5837.112599,5713.966763,5738.595931,7231100
2023-09-15 00:00:00,5812.483398,5861.741732,5763.225065,5812.483398,24672100
2023-09-18 00:00:00,5812.483398,5837.112565,5763.225065,5812.483398,4718300
2023-09-19 00:00:00,5664.708496,5837.112668,5640.079329,5837.112668,6375400
2023-09-20 00:00:00,5640.079102,5763.224933,5640.079102,5664.708268,8533700
2023-09-21 00:00:00,5590.820801,5689.337467,5566.191634,5664.7083,7854300
2023-09-22 00:00:00,5615.450195,5664.70853,5566.19186,5590.821028,5025000
2023-09-25 00:00:00,5590.820801,5664.7083,5566.191634,5615.449967,5953100
2023-09-26 00:00:00,5492.304199,5640.0792,5443.045866,5590.820866,9257500
2023-09-27 00:00:00,5541.5625,5615.45,5467.675,5492.304167,7322400
2023-09-29 00:00:00,5566.191895,5640.079398,5516.933559,5640.079398,6940200
2023-10-02 00:00:00,5492.304199,5640.0792,5467.675032,5640.0792,6142200
2023-10-03 00:00:00,5492.304199,5516.933366,5369.158365,5492.304199,11909900
2023-10-04 00:00:00,5344.529297,5516.933468,5295.270962,5492.3043,9642100
2023-10-05 00:00:00,5270.641602,5393.787433,5270.641602,5319.899934,5080700
2023-10-06 00:00:00,5443.045898,5467.675065,5295.270897,5295.270897,3420900
2023-10-09 00:00:00,5590.820801,5640.079134,5467.674968,5492.304135,6867400
2023-10-10 00:00:00,5541.5625,5640.079167,5516.933333,5640.079167,3849800
2023-10-11 00:00:00,5467.674805,5615.449799,5467.674805,5566.191468,6477900
2023-10-12 00:00:00,5393.787598,5541.5626,5393.787598,5516.933433,4193100
2023-10-13 00:00:00,5344.529297,5492.3043,5344.529297,5418.416799,4049700
2023-10-16 00:00:00,5443.045898,5492.304232,5344.529231,5369.158398,3352200
2023-10-17 00:00:00,5566.191895,5566.191895,5467.675224,5467.675224,3178600
2023-10-18 00:00:00,5664.708496,5664.708496,5516.933492,5516.933492,5712000
2023-10-19 00:00:00,5689.337402,5689.337402,5516.933239,5664.708236,10738500
2023-10-20 00:00:00,5664.708496,5738.595998,5615.450161,5713.966831,2765300
2023-10-23 00:00:00,5492.304199,5689.337534,5467.675032,5664.708367,3480200
2023-10-24 00:00:00,5590.820801,5590.820801,5492.304135,5492.304135,2153400
2023-10-25 00:00:00,5443.045898,5664.708401,5443.045898,5640.079234,4969100
2023-10-26 00:00:00,5319.899902,5443.045733,5319.899902,5443.045733,4198100
2023-10-27 00:00:00,5048.979004,5393.787326,5024.349838,5393.787326,14339300
2023-10-30 00:00:00,5147.495605,5172.124771,5024.349778,5098.237274,10792200
2023-10-31 00:00:00,4876.575195,5196.754375,4847.020194,5172.125207,15638400
2023-11-01 00:00:00,4768.206543,4876.574873,4738.651544,4827.316541,10892000
2023-11-02 00:00:00,4778.058105,4827.316436,4738.651441,4787.909772,12325700
2023-11-03 00:00:00,4856.871582,4906.129915,4778.05825,4778.05825,5925600
2023-11-06 00:00:00,4847.02002,4925.833353,4837.168353,4886.426686,5263200
2023-11-07 00:00:00,4866.723145,4876.574811,4787.909814,4847.019812,5825800
2023-11-08 00:00:00,4748.503418,4847.020086,4738.651751,4837.16842,4493900
2023-11-09 00:00:00,4630.283203,4778.058199,4630.283203,4748.5032,9032000
2023-11-10 00:00:00,4571.17334,4669.690007,4571.17334,4630.28334,8700200
2023-11-13 00:00:00,4571.17334,4649.986673,4413.546673,4571.17334,21747700
2023-11-14 00:00:00,4709.09668,4758.355013,4541.618346,4590.876679,14221900
2023-11-15 00:00:00,4482.508301,4659.838299,4482.508301,4630.2833,25844000
2023-11-16 00:00:00,4630.283203,4630.283203,4492.359874,4492.359874,8184300
2023-11-17 00:00:00,4521.915039,4640.13504,4521.915039,4630.283373,10242400
2023-11-20 00:00:00,4581.024902,4610.579902,4512.063237,4541.618237,16802900
2023-11-21 00:00:00,4581.024902,4610.579902,4551.469903,4581.024902,3336300
2023-11-22 00:00:00,4482.508301,4590.876633,4462.804968,4590.876633,5177300
2023-11-23 00:00:00,4521.915039,4541.618373,4443.101705,4482.508372,10968600
2023-11-24 00:00:00,4521.915039,4561.321706,4512.063372,4531.766706,4044200
2023-11-27 00:00:00,4452.953125,4561.321453,4452.953125,4521.914788,7707400
2023-11-28 00:00:00,4315.029785,4472.656444,4295.326453,4452.953112,21607400
2023-11-29 00:00:00,4620.431641,4679.54164,4364.288309,4383.991642,31513600
2023-11-30 00:00:00,4433.25,4669.69,4433.25,4649.986667,252731900
2023-12-01 00:00:00,4334.733398,4472.656734,4305.178398,4462.805067,61869800
2023-12-04 00:00:00,4344.584961,4443.101627,4285.474961,4344.584961,41644300
2023-12-05 00:00:00,4255.919922,4354.436587,4255.919922,4344.58492,32630600
2023-12-06 00:00:00,4383.991699,4423.398366,4236.216698,4255.920032,39330800
2023-12-07 00:00:00,4246.068359,4393.84336,4206.661692,4393.84336,33415500
2023-12-08 00:00:00,4295.32666,4364.288327,4246.068327,4246.068327,21184500
2023-12-11 00:00:00,4127.848145,4305.178136,4127.848145,4295.32647,23613000
2023-12-12 00:00:00,4157.40332,4186.95832,4117.996654,4137.699987,9989200
2023-12-13 00:00:00,3960.370117,4167.255123,3950.51845,4157.403456,25006200
2023-12-14 00:00:00,4108.14502,4157.403353,3970.221686,3970.221686,24832800
2023-12-15 00:00:00,4157.40332,4177.106654,4088.441654,4137.699987,15771500
2023-12-18 00:00:00,4147.551758,4157.403425,4108.14509,4157.403425,5450700
2023-12-19 00:00:00,4108.14502,4167.25502,4058.886686,4088.441686,13792800
2023-12-20 00:00:00,4177.106445,4265.771441,4127.848115,4147.551447,20421100
2023-12-21 00:00:00,4186.958496,4226.365164,4157.403495,4177.106829,7148300
2023-12-22 00:00:00,4206.661621,4265.77162,4196.809955,4206.661621,6202800
2023-12-27 00:00:00,4275.623535,4324.881871,4186.958531,4186.958531,10712200
2023-12-28 00:00:00,4305.178223,4354.436555,4285.47489,4305.178223,9885900
2023-12-29 00:00:00,4246.068359,4305.17836,4246.068359,4295.326693,4211000
